{
  "mean": 0.7530625547681536,
  "stdev": 0.5665093572623702
}